<?xml version="1.0" encoding="utf-8"?>
<!--/12849539/251308/2.49/13/4/Connector/-->
<quadcept_library>
  <setting unit="mil" />
  <textstyle name="Default" height="47.244094488189" strokewidth="7.8740157480315" charwidth="47.244094488189" />
  <textstyle name="Dimension" height="19.6850393700787" strokewidth="0" charwidth="19.6850393700787" />
  <textstyle name="H127W0635TH00762" height="50" strokewidth="3" charwidth="25" />
  <textstyle name="H15W15TH02" height="59.0551181102362" strokewidth="7.8740157480315" charwidth="59.0551181102362" />
  <padstyle name="r200_70" surface="True" plated="False" isvia="False" nopaste="False" nomask="True" complex="False" holesize="0">
    <padshape layer="TOP" shape="rectangle" width="27.55905511811" height="78.740157480314" />
    <padshape layer="TOP_SOLDER_MASK" shape="rectangle" width="35.433070866141" height="86.614173228345" />
    <padshape layer="TOP_SOLDER_PASTE" shape="rectangle" width="27.55905511811" height="78.740157480314" />
  </padstyle>
  <padstyle name="r260_100" surface="True" plated="False" isvia="False" nopaste="False" nomask="True" complex="False" holesize="0">
    <padshape layer="TOP" shape="rectangle" width="39.370078740157" height="102.36220472441" />
    <padshape layer="TOP_SOLDER_MASK" shape="rectangle" width="47.244094488188" height="110.23622047244" />
    <padshape layer="TOP_SOLDER_PASTE" shape="rectangle" width="39.370078740157" height="102.36220472441" />
  </padstyle>
  <padstyle name="r260_150" surface="True" plated="False" isvia="False" nopaste="False" nomask="True" complex="False" holesize="0">
    <padshape layer="TOP" shape="rectangle" width="59.055118110235" height="102.36220472441" />
    <padshape layer="TOP_SOLDER_MASK" shape="rectangle" width="66.929133858267" height="110.23622047244" />
    <padshape layer="TOP_SOLDER_PASTE" shape="rectangle" width="59.055118110235" height="102.36220472441" />
  </padstyle>
  <padstyle name="r270_140" surface="True" plated="False" isvia="False" nopaste="False" nomask="True" complex="False" holesize="0">
    <padshape layer="TOP" shape="rectangle" width="55.11811023622" height="106.29921259842" />
    <padshape layer="TOP_SOLDER_MASK" shape="rectangle" width="62.992125984251" height="114.17322834646" />
    <padshape layer="TOP_SOLDER_PASTE" shape="rectangle" width="55.11811023622" height="106.29921259842" />
  </padstyle>
  <padstyle name="s120" surface="True" plated="False" isvia="False" nopaste="False" nomask="True" complex="False" holesize="0">
    <padshape layer="TOP" shape="square" width="47.244094488188" height="47.244094488188" />
    <padshape layer="TOP_SOLDER_MASK" shape="square" width="55.11811023622" height="55.11811023622" />
    <padshape layer="TOP_SOLDER_PASTE" shape="square" width="47.244094488188" height="47.244094488188" />
  </padstyle>
  <footprint name="DM3CSSF" originx="0" originy="0" pickpointx="0" pickpointy="0">
    <pcbpin number="1" name="1" style="r200_70" originx="118.11023622047" originy="-250" rotation="0" />
    <pcbpin number="2" name="2" style="r200_70" originx="74.803149606298" originy="-250" rotation="0" />
    <pcbpin number="3" name="3" style="r200_70" originx="31.496062992126" originy="-250" rotation="0" />
    <pcbpin number="4" name="4" style="r200_70" originx="-11.811023622047" originy="-250" rotation="0" />
    <pcbpin number="5" name="5" style="r200_70" originx="-55.11811023622" originy="-250" rotation="0" />
    <pcbpin number="6" name="6" style="r200_70" originx="-98.425196850392" originy="-250" rotation="0" />
    <pcbpin number="7" name="7" style="r200_70" originx="-141.73228346457" originy="-250" rotation="0" />
    <pcbpin number="8" name="8" style="r200_70" originx="-185.03937007874" originy="-250" rotation="0" />
    <pcbpin number="9" name="MP1" style="r260_100" originx="-267.71653543307" originy="-230.31496062992" rotation="0" />
    <pcbpin number="10" name="MP2" style="r260_150" originx="257.87401574803" originy="-230.31496062992" rotation="0" />
    <pcbpin number="11" name="MP3" style="r270_140" originx="-129.92125984252" originy="250" rotation="90" />
    <pcbpin number="12" name="MP4" style="r270_140" originx="62.992125984251" originy="250" rotation="90" />
    <pcbpin number="13" name="MP5" style="s120" originx="183.07086614173" originy="253.93700787401" rotation="90" />
    <line layer="TOP_ASSEMBLY" originx="-271.65354330708" originy="277.55905511811" endx="271.65354330708" endy="277.55905511811" width="7.8740157480314" />
    <line layer="TOP_ASSEMBLY" originx="271.65354330708" originy="277.55905511811" endx="271.65354330708" endy="-277.55905511811" width="7.8740157480314" />
    <line layer="TOP_ASSEMBLY" originx="271.65354330708" originy="-277.55905511811" endx="-271.65354330708" endy="-277.55905511811" width="7.8740157480314" />
    <line layer="TOP_ASSEMBLY" originx="-271.65354330708" originy="-277.55905511811" endx="-271.65354330708" endy="277.55905511811" width="7.8740157480314" />
    <line layer="TOP_PLACE_BOUND" originx="-326.7716535433" originy="316.92913385826" endx="326.7716535433" endy="316.92913385826" width="3.9370078740157" />
    <line layer="TOP_PLACE_BOUND" originx="326.7716535433" originy="316.92913385826" endx="326.7716535433" endy="-381.88976377952" width="3.9370078740157" />
    <line layer="TOP_PLACE_BOUND" originx="326.7716535433" originy="-381.88976377952" endx="-326.7716535433" endy="-381.88976377952" width="3.9370078740157" />
    <line layer="TOP_PLACE_BOUND" originx="-326.7716535433" originy="-381.88976377952" endx="-326.7716535433" endy="316.92913385826" width="3.9370078740157" />
    <line layer="TOP_SILKSCREEN" originx="-271.65354330708" originy="277.55905511811" endx="-271.65354330708" endy="-166.29921259842" width="3.9370078740157" />
    <line layer="TOP_SILKSCREEN" originx="271.65354330708" originy="277.55905511811" endx="271.65354330708" endy="-167.32283464567" width="3.9370078740157" />
    <line layer="TOP_SILKSCREEN" originx="118.11023622047" originy="-334.64566929133" endx="118.11023622047" endy="-334.64566929133" width="7.8740157480314" />
    <arc layer="TOP_SILKSCREEN" originx="118.11023622047" originy="-338.58267716535" startangle="90.0" sweepangle="180.0" radius="3.9370078740157" width="7.8740157480314" />
    <line layer="TOP_SILKSCREEN" originx="118.11023622047" originy="-342.51968503937" endx="118.11023622047" endy="-342.51968503937" width="7.8740157480314" />
    <arc layer="TOP_SILKSCREEN" originx="118.11023622047" originy="-338.58267716535" startangle="-90.0" sweepangle="180.0" radius="3.9370078740157" width="7.8740157480314" />
  </footprint>
  <symbol name="DM3CS-SF" originx="0" originy="0">
    <line originx="200" originy="100" endx="1100" endy="100" width="0" />
    <line originx="1100" originy="-700" endx="1100" endy="100" width="0" />
    <line originx="1100" originy="-700" endx="200" endy="-700" width="0" />
    <line originx="200" originy="100" endx="200" endy="-700" width="0" />
    <sympin number="1" originx="200" originy="0" rotation="180" length="100" width="7.8740157480315" flipped="False">
      <text name="pinname" originx="230" originy="0" style="Default" rotation="0" justify="left" flipped="False" hidden="False" data="DAT2" />
      <text name="pindes" originx="140" originy="20" style="Default" rotation="0" justify="lowerright" flipped="False" hidden="False" data="1" />
    </sympin>
    <sympin number="2" originx="200" originy="-100" rotation="180" length="100" width="7.8740157480315" flipped="False">
      <text name="pinname" originx="230" originy="-100" style="Default" rotation="0" justify="left" flipped="False" hidden="False" data="CD/DAT3" />
      <text name="pindes" originx="140" originy="-80" style="Default" rotation="0" justify="lowerright" flipped="False" hidden="False" data="2" />
    </sympin>
    <sympin number="3" originx="200" originy="-200" rotation="180" length="100" width="7.8740157480315" flipped="False">
      <text name="pinname" originx="230" originy="-200" style="Default" rotation="0" justify="left" flipped="False" hidden="False" data="CMD" />
      <text name="pindes" originx="140" originy="-180" style="Default" rotation="0" justify="lowerright" flipped="False" hidden="False" data="3" />
    </sympin>
    <sympin number="4" originx="200" originy="-300" rotation="180" length="100" width="7.8740157480315" flipped="False">
      <text name="pinname" originx="230" originy="-300" style="Default" rotation="0" justify="left" flipped="False" hidden="False" data="VDD" />
      <text name="pindes" originx="140" originy="-280" style="Default" rotation="0" justify="lowerright" flipped="False" hidden="False" data="4" />
    </sympin>
    <sympin number="5" originx="200" originy="-400" rotation="180" length="100" width="7.8740157480315" flipped="False">
      <text name="pinname" originx="230" originy="-400" style="Default" rotation="0" justify="left" flipped="False" hidden="False" data="CLK" />
      <text name="pindes" originx="140" originy="-380" style="Default" rotation="0" justify="lowerright" flipped="False" hidden="False" data="5" />
    </sympin>
    <sympin number="6" originx="200" originy="-500" rotation="180" length="100" width="7.8740157480315" flipped="False">
      <text name="pinname" originx="230" originy="-500" style="Default" rotation="0" justify="left" flipped="False" hidden="False" data="VSS" />
      <text name="pindes" originx="140" originy="-480" style="Default" rotation="0" justify="lowerright" flipped="False" hidden="False" data="6" />
    </sympin>
    <sympin number="7" originx="200" originy="-600" rotation="180" length="100" width="7.8740157480315" flipped="False">
      <text name="pinname" originx="230" originy="-600" style="Default" rotation="0" justify="left" flipped="False" hidden="False" data="DAT0" />
      <text name="pindes" originx="140" originy="-580" style="Default" rotation="0" justify="lowerright" flipped="False" hidden="False" data="7" />
    </sympin>
    <sympin number="8" originx="1100" originy="0" rotation="0" length="100" width="7.8740157480315" flipped="False">
      <text name="pinname" originx="1070" originy="0" style="Default" rotation="0" justify="right" flipped="False" hidden="False" data="DAT1" />
      <text name="pindes" originx="1160" originy="20" style="Default" rotation="0" justify="lowerleft" flipped="False" hidden="False" data="8" />
    </sympin>
    <sympin number="9" originx="1100" originy="-100" rotation="0" length="100" width="7.8740157480315" flipped="False">
      <text name="pinname" originx="1070" originy="-100" style="Default" rotation="0" justify="right" flipped="False" hidden="False" data="MP1" />
      <text name="pindes" originx="1160" originy="-80" style="Default" rotation="0" justify="lowerleft" flipped="False" hidden="False" data="MP1" />
    </sympin>
    <sympin number="10" originx="1100" originy="-200" rotation="0" length="100" width="7.8740157480315" flipped="False">
      <text name="pinname" originx="1070" originy="-200" style="Default" rotation="0" justify="right" flipped="False" hidden="False" data="MP2" />
      <text name="pindes" originx="1160" originy="-180" style="Default" rotation="0" justify="lowerleft" flipped="False" hidden="False" data="MP2" />
    </sympin>
    <sympin number="11" originx="1100" originy="-300" rotation="0" length="100" width="7.8740157480315" flipped="False">
      <text name="pinname" originx="1070" originy="-300" style="Default" rotation="0" justify="right" flipped="False" hidden="False" data="MP3" />
      <text name="pindes" originx="1160" originy="-280" style="Default" rotation="0" justify="lowerleft" flipped="False" hidden="False" data="MP3" />
    </sympin>
    <sympin number="12" originx="1100" originy="-400" rotation="0" length="100" width="7.8740157480315" flipped="False">
      <text name="pinname" originx="1070" originy="-400" style="Default" rotation="0" justify="right" flipped="False" hidden="False" data="MP4" />
      <text name="pindes" originx="1160" originy="-380" style="Default" rotation="0" justify="lowerleft" flipped="False" hidden="False" data="MP4" />
    </sympin>
    <sympin number="13" originx="1100" originy="-500" rotation="0" length="100" width="7.8740157480315" flipped="False">
      <text name="pinname" originx="1070" originy="-500" style="Default" rotation="0" justify="right" flipped="False" hidden="False" data="MP5" />
      <text name="pindes" originx="1160" originy="-480" style="Default" rotation="0" justify="lowerleft" flipped="False" hidden="False" data="MP5" />
    </sympin>
  </symbol>
  <component name="DM3CS-SF" designatorprefix="J" height="72.047244094487" footprint="DM3CSSF">
    <comppin designator="1" sympin="1" pinswap="0" gateswap="0" gate="1" group="1" side="" type="Any" name="DAT2" />
    <comppin designator="2" sympin="2" pinswap="0" gateswap="0" gate="1" group="1" side="" type="Any" name="CD/DAT3" />
    <comppin designator="3" sympin="3" pinswap="0" gateswap="0" gate="1" group="1" side="" type="Any" name="CMD" />
    <comppin designator="4" sympin="4" pinswap="0" gateswap="0" gate="1" group="1" side="" type="Any" name="VDD" />
    <comppin designator="5" sympin="5" pinswap="0" gateswap="0" gate="1" group="1" side="" type="Any" name="CLK" />
    <comppin designator="6" sympin="6" pinswap="0" gateswap="0" gate="1" group="1" side="" type="Any" name="VSS" />
    <comppin designator="7" sympin="7" pinswap="0" gateswap="0" gate="1" group="1" side="" type="Any" name="DAT0" />
    <comppin designator="8" sympin="8" pinswap="0" gateswap="0" gate="1" group="1" side="" type="Any" name="DAT1" />
    <comppin designator="MP1" sympin="9" pinswap="0" gateswap="0" gate="1" group="1" side="" type="Any" name="MP1" />
    <comppin designator="MP2" sympin="10" pinswap="0" gateswap="0" gate="1" group="1" side="" type="Any" name="MP2" />
    <comppin designator="MP3" sympin="11" pinswap="0" gateswap="0" gate="1" group="1" side="" type="Any" name="MP3" />
    <comppin designator="MP4" sympin="12" pinswap="0" gateswap="0" gate="1" group="1" side="" type="Any" name="MP4" />
    <comppin designator="MP5" sympin="13" pinswap="0" gateswap="0" gate="1" group="1" side="" type="Any" name="MP5" />
    <attached_symbol gate="1" name="DM3CS-SF" />
    <pinmap designator="1" footprintpin="1" />
    <pinmap designator="2" footprintpin="2" />
    <pinmap designator="3" footprintpin="3" />
    <pinmap designator="4" footprintpin="4" />
    <pinmap designator="5" footprintpin="5" />
    <pinmap designator="6" footprintpin="6" />
    <pinmap designator="7" footprintpin="7" />
    <pinmap designator="8" footprintpin="8" />
    <pinmap designator="MP1" footprintpin="9" />
    <pinmap designator="MP2" footprintpin="10" />
    <pinmap designator="MP3" footprintpin="11" />
    <pinmap designator="MP4" footprintpin="12" />
    <pinmap designator="MP5" footprintpin="13" />
    <text name="Datasheet" originx="0" originy="0" style="Default" rotation="0" justify="" flipped="False" hidden="True" data="https://datasheet.lcsc.com/szlcsc/Hirose-HRS-DM3CS-SF_C202111.pdf" />
    <text name="Description" originx="0" originy="0" style="Default" rotation="0" justify="" flipped="False" hidden="True" data="Memory Card Connectors 8P R/A SMT MICRO SD HINGE PUSH-PULL" />
    <text name="Mouser Part Number" originx="0" originy="0" style="Default" rotation="0" justify="" flipped="False" hidden="True" data="798-DM3CSSF" />
    <text name="Mouser Price/Stock" originx="0" originy="0" style="Default" rotation="0" justify="" flipped="False" hidden="True" data="https://www.mouser.co.uk/ProductDetail/Hirose-Connector/DM3CS-SF?qs=tTj%252BmQ3KZwbB9K5zh89Rcw%3D%3D" />
    <text name="Manufacturer_Name" originx="0" originy="0" style="Default" rotation="0" justify="" flipped="False" hidden="True" data="Hirose" />
    <text name="Manufacturer_Part_Number" originx="1150" originy="200" style="Default" rotation="0" justify="left" flipped="False" hidden="False" data="DM3CS-SF" />
  </component>
</quadcept_library>
